task name,model size,sparsity,accuracy,speedup,emissions
-Adapter
mnli,85054464,0.0,0.0881304126337239,0.003449328256637177,741.7298198548739
mnli,85054464,0.0,0.0881304126337239,0.0034364777867185543,729.6452800768453
mnli,85054464,0.0,0.0881304126337239,0.002236858783057315,528.8773546701852
-Distillation
mnli,28385280,0.66,0.3544574630667346,0.0014626319713271884,332.32941057782665
mnli,28385280,0.66,0.3206316861946001,0.0014627220675584556,339.5466010549973
-Distillation + Adapter
mnli,85054464,0.0,0.3273560876209883,0.0034451407069644936,808.4947042681911
-Pruning 
-Pruning + Adapter 
0.1
mnli,76853807,0.1,0.09271523178807947,0.002141043293312139,510.72003134605205
0.4
mnli,50542477,0.4,0.09648497198166073,0.0014676775120984397,355.0637169284682
-Pruning + Distillation 
-Pruning + Distillation + Adapter
mnli,76853807,0.1,0.09271523178807947,0.003336701244950841,733.6999672406802
__________
mnli,76853807,0.09599999999999997,0.09271523178807947,0.003375177363989855,859.209648411636
mnli,50542477,0.406,0.09648497198166073,0.0022873771536793567,572.7325243590262
__________
best
