task name,model size,sparsity,accuracy,speedup,emissions
-Adapter
best
qnli,85054464,0.0,0.9051803038623467,0.002209695861079024,364.50146010188945
no-best
qnli,85054464,0.0,0.9057294526816767,0.0034364765977414344,414.7285195583648
qnli,85054464,0.0,0.9057294526816767,0.002233373830764913,298.2342628297989
-Distillation
qnli,28385280,0.66,0.5053999633900788,0.0014649670180352686,187.70544287138458
-Distillation + Adapter
best
qnli,85054464,0.0,0.5863078894380377,0.0022072514378280402,354.1705095277108
no-best
qnli,85054464,0.0,0.4557935200439319,0.003447815347629961,432.82899085288847
_________
qnli,85054464,0.0,0.5863078894380377,0.0034484410054644843,449.99629693178554
qnli,85054464,0.0,0.4557935200439319,0.003428852265731725,532.4369058770623
____________best
qnli,85054464,0.0,0.9099395936298736,0.004375989546645764,313.68581955351317
qnli,85054464,0.0,0.5863078894380377,0.002164406696126157,318.63415634103706
qnli,85054464,0.0,0.4585392641405821,0.002168303953953198,319.4783477422359
______DA__________
qnli,85054464,0.0,0.5863078894380377,0.00436120937317037,304.9360024740694
______PA_________